Segment,Customer_Count,Revenue,Avg_Revenue_Per_Customer
Occasional,1569,1797696.813,1145.7596003824092
One-Time,1528,513414.672,336.00436649214663
Regular,1801,4613007.5540000005,2561.3589972237646
VIP,980,13552514.979,13829.096917346938
